,Pco2,PH,year,H+,OH-,H2CO3,HCO3,CO3,fraction of Fe3+,fraction of FeOH 2+,fraction of FeOH2 +,fraction of FeOH4 -,fraction of Cu 2+,fraction of CuOH +,fraction of CuOH2,fraction of CuOH3 -,fraction of CuOH4 2-,fraction of CuCO3,fraction of CuHCO3 +,fraction of Cu(CO3)2 2-
0,315.4760525,8.65321612,1959,2.22E-09,4.50E-06,9.55E-06,0.002152889,4.86E-05,6.50E-12,1.89E-05,33.05747747,66.94250365,0.284532588,4.049003331,3.635500881,0.008199368,4.65E-07,81.35229362,0.038650372,10.63181938
1,316.306092,8.652074962,1960,2.23E-09,4.49E-06,9.57E-06,0.002153133,4.84E-05,6.56E-12,1.90E-05,33.17387642,66.82610458,0.285352582,4.050016267,3.62686783,0.008158432,4.61E-07,81.38186277,0.038766149,10.60897551
2,317.1614527,8.65090212,1961,2.23E-09,4.48E-06,9.60E-06,0.002153383,4.83E-05,6.62E-12,1.91E-05,33.29372181,66.70625907,0.286197642,4.051055299,3.618014401,0.008116568,4.57E-07,81.41219389,0.038885469,10.58553627
3,318.0421348,8.649697858,1962,2.24E-09,4.46E-06,9.63E-06,0.002153639,4.82E-05,6.68E-12,1.92E-05,33.417003,66.58297775,0.287067775,4.052120026,3.608944132,0.008073801,4.54E-07,81.44327536,0.039008331,10.56151012
4,318.9481383,8.648462447,1963,2.25E-09,4.45E-06,9.66E-06,0.002153901,4.80E-05,6.74E-12,1.94E-05,33.54370887,66.45627176,0.287962983,4.053210044,3.599660619,0.008030156,4.50E-07,81.47509536,0.039134738,10.53690565
5,319.879463,8.64719616,1964,2.25E-09,4.44E-06,9.68E-06,0.002154169,4.79E-05,6.81E-12,1.95E-05,33.6738278,66.3261527,0.288883271,4.054324939,3.590167512,0.007985661,4.46E-07,81.50764186,0.03926469,10.51173162
6,320.836109,8.645899277,1965,2.26E-09,4.42E-06,9.71E-06,0.002154443,4.78E-05,6.87E-12,1.96E-05,33.80734768,66.19263268,0.289828644,4.055464291,3.580468515,0.007940341,4.42E-07,81.54090267,0.039398187,10.48599691
7,321.8180764,8.644572084,1966,2.27E-09,4.41E-06,9.75E-06,0.002154722,4.76E-05,6.94E-12,1.98E-05,33.94425586,66.05572436,0.290799105,4.056627677,3.570567379,0.007894222,4.38E-07,81.57486541,0.039535231,10.45971054
8,322.8253651,8.643214867,1967,2.27E-09,4.40E-06,9.78E-06,0.002155007,4.75E-05,7.02E-12,1.99E-05,34.08453918,65.91544089,0.29179466,4.057814664,3.560467899,0.00784733,4.34E-07,81.60951754,0.039675823,10.43288165
9,323.8579751,8.641827922,1968,2.28E-09,4.38E-06,9.81E-06,0.002155297,4.74E-05,7.09E-12,2.01E-05,34.22818393,65.771796,0.292815313,4.059024817,3.550173915,0.007799694,4.30E-07,81.64484636,0.039819963,10.4055195
10,324.9159064,8.640411545,1969,2.29E-09,4.37E-06,9.84E-06,0.002155592,4.72E-05,7.17E-12,2.02E-05,34.37517585,65.62480393,0.293861068,4.060257695,3.539689302,0.007751338,4.26E-07,81.68083905,0.039967653,10.37763347
11,325.999159,8.638966038,1970,2.30E-09,4.35E-06,9.88E-06,0.002155893,4.71E-05,7.25E-12,2.04E-05,34.5255001,65.47447952,0.29493193,4.06151285,3.529017972,0.007702291,4.22E-07,81.71748262,0.040118893,10.34923302
12,327.107733,8.637491707,1971,2.30E-09,4.34E-06,9.91E-06,0.002156198,4.69E-05,7.33E-12,2.05E-05,34.67914128,65.32083818,0.296027904,4.062789834,3.518163868,0.007652578,4.18E-07,81.754764,0.040273684,10.32032772
13,328.2416282,8.63598886,1972,2.31E-09,4.33E-06,9.95E-06,0.002156509,4.67E-05,7.41E-12,2.07E-05,34.83608339,65.1638959,0.297148994,4.064088192,3.507130963,0.007602227,4.14E-07,81.79266997,0.040432028,10.29092721
14,329.4008448,8.634457809,1973,2.32E-09,4.31E-06,9.99E-06,0.002156824,4.66E-05,7.50E-12,2.09E-05,34.99630986,65.00366927,0.298295204,4.065407466,3.495923253,0.007551265,4.10E-07,81.83118723,0.040593925,10.26104124
15,330.5853827,8.632898871,1974,2.33E-09,4.29E-06,1.00E-05,0.002157144,4.64E-05,7.59E-12,2.10E-05,35.15980346,64.84017549,0.29946654,4.066747196,3.484544759,0.007499718,4.05E-07,81.87030239,0.040759376,10.23067961
16,331.7952419,8.631312364,1975,2.34E-09,4.28E-06,1.01E-05,0.002157469,4.63E-05,7.68E-12,2.12E-05,35.3265464,64.67343238,0.300663005,4.068106918,3.472999517,0.007447613,4.01E-07,81.91000197,0.040928382,10.1998522
17,333.0304224,8.62969861,1976,2.35E-09,4.26E-06,1.01E-05,0.002157798,4.61E-05,7.78E-12,2.14E-05,35.49652021,64.50345839,0.301884605,4.069486165,3.461291583,0.007394976,3.97E-07,81.95027241,0.041100944,10.16856892
18,334.2909243,8.628057932,1977,2.35E-09,4.25E-06,1.01E-05,0.002158132,4.59E-05,7.87E-12,2.16E-05,35.66970581,64.3302726,0.303131344,4.070884469,3.449425023,0.007341835,3.93E-07,81.9911001,0.041277062,10.13683977
19,335.5767474,8.626390658,1978,2.36E-09,4.23E-06,1.02E-05,0.002158469,4.58E-05,7.97E-12,2.18E-05,35.84608347,64.15389475,0.304403227,4.07230136,3.437403914,0.007288216,3.88E-07,82.03247139,0.041456739,10.10467477
20,336.8878919,8.624697116,1979,2.37E-09,4.21E-06,1.02E-05,0.002158811,4.56E-05,8.08E-12,2.20E-05,36.02563279,63.97434523,0.305700257,4.073736364,3.425232339,0.007234144,3.84E-07,82.07437255,0.041639975,10.07208399
21,338.2243577,8.622977637,1980,2.38E-09,4.20E-06,1.03E-05,0.002159157,4.54E-05,8.18E-12,2.22E-05,36.20833272,63.79164511,0.30702244,4.07518901,3.412914385,0.007179646,3.79E-07,82.11678985,0.04182677,10.03907752
22,339.5861448,8.621232556,1981,2.39E-09,4.18E-06,1.03E-05,0.002159507,4.52E-05,8.29E-12,2.24E-05,36.39416152,63.6058161,0.30836978,4.076658823,3.400454141,0.007124748,3.75E-07,82.15970953,0.042017126,10.00566548
23,340.9732532,8.619462205,1982,2.40E-09,4.16E-06,1.04E-05,0.00215986,4.51E-05,8.40E-12,2.26E-05,36.58309679,63.41688063,0.309742282,4.078145328,3.387855693,0.007069474,3.71E-07,82.20311779,0.042211043,9.971858017
24,342.3856829,8.617666922,1983,2.41E-09,4.15E-06,1.04E-05,0.002160217,4.49E-05,8.52E-12,2.28E-05,36.77511543,63.22486178,0.311139949,4.07964805,3.375123123,0.007013851,3.66E-07,82.24700086,0.042408523,9.937665274
25,343.823434,8.615847045,1984,2.42E-09,4.13E-06,1.04E-05,0.002160577,4.47E-05,8.63E-12,2.30E-05,36.97019364,63.02978335,0.312562787,4.081166514,3.362260505,0.006957904,3.62E-07,82.29134496,0.042609567,9.903097407
26,345.2865063,8.614002911,1985,2.43E-09,4.11E-06,1.05E-05,0.002160941,4.45E-05,8.75E-12,2.32E-05,37.16830693,62.83166983,0.314010799,4.082700245,3.349271904,0.006901656,3.57E-07,82.3361363,0.042814174,9.86816457
27,346.7749,8.612134863,1986,2.44E-09,4.09E-06,1.05E-05,0.002161309,4.43E-05,8.88E-12,2.35E-05,37.36943012,62.63054642,0.315483989,4.084248769,3.336161373,0.006845133,3.53E-07,82.38136113,0.043022347,9.832876909
28,348.288615,8.61024324,1987,2.45E-09,4.08E-06,1.06E-05,0.002161679,4.42E-05,9.00E-12,2.37E-05,37.57353728,62.42643902,0.316982363,4.085811612,3.322932949,0.006788359,3.48E-07,82.42700572,0.043234086,9.797244558
29,349.8276513,8.608328384,1988,2.46E-09,4.06E-06,1.06E-05,0.002162052,4.40E-05,9.13E-12,2.39E-05,37.78060181,62.21937426,0.318505924,4.087388302,3.309590654,0.006731358,3.44E-07,82.4730564,0.043449392,9.76127763
30,351.392009,8.606390637,1989,2.48E-09,4.04E-06,1.07E-05,0.002162429,4.38E-05,9.27E-12,2.42E-05,37.99059636,62.00937947,0.320054675,4.088978369,3.296138487,0.006674152,3.39E-07,82.5194995,0.043668266,9.724986216
31,352.9816879,8.604430343,1990,2.49E-09,4.02E-06,1.07E-05,0.002162808,4.36E-05,9.40E-12,2.44E-05,38.20349289,61.79648269,0.321628622,4.090581342,3.282580428,0.006616765,3.35E-07,82.56632142,0.043890709,9.688380374
32,354.5966882,8.602447843,1991,2.50E-09,4.00E-06,1.08E-05,0.002163189,4.34E-05,9.54E-12,2.47E-05,38.41926261,61.58071273,0.323227768,4.092196756,3.268920433,0.00655922,3.31E-07,82.61350864,0.044116721,9.651470128
33,356.2370098,8.600443481,1992,2.51E-09,3.99E-06,1.08E-05,0.002163574,4.32E-05,9.69E-12,2.49E-05,38.63787602,61.36209906,0.324852117,4.093824144,3.25516243,0.006501539,3.26E-07,82.66104768,0.044346303,9.614265459
34,357.9026527,8.598417601,1993,2.52E-09,3.97E-06,1.09E-05,0.002163961,4.30E-05,9.83E-12,2.52E-05,38.8593029,61.14067192,0.326501673,4.095463044,3.241310322,0.006443743,3.22E-07,82.70892513,0.044579457,9.576776305
35,359.5936169,8.596370544,1994,2.53E-09,3.95E-06,1.09E-05,0.00216435,4.28E-05,9.98E-12,2.54E-05,39.0835123,60.91646225,0.328176438,4.097112996,3.22736798,0.006385855,3.17E-07,82.75712768,0.044816183,9.539012549
36,361.3099024,8.594302654,1995,2.55E-09,3.93E-06,1.10E-05,0.002164741,4.26E-05,1.01E-11,2.57E-05,39.31047255,60.68950173,0.329876418,4.098773542,3.213339243,0.006327895,3.13E-07,82.80564209,0.045056482,9.500984023
37,363.0515092,8.592214272,1996,2.56E-09,3.91E-06,1.10E-05,0.002165135,4.24E-05,1.03E-11,2.60E-05,39.54015126,60.45982275,0.331601615,4.100444228,3.199227917,0.006269883,3.09E-07,82.8544552,0.045300354,9.462700493
38,364.8184374,8.590105739,1997,2.57E-09,3.89E-06,1.11E-05,0.00216553,4.22E-05,1.05E-11,2.63E-05,39.77251532,60.22745841,0.333352034,4.102124604,3.185037775,0.006211841,3.04E-07,82.90355398,0.0455478,9.424171666
39,366.6106869,8.587977397,1998,2.58E-09,3.87E-06,1.12E-05,0.002165928,4.20E-05,1.06E-11,2.66E-05,40.0075309,59.99244254,0.335127676,4.103814222,3.170772549,0.006153787,3.00E-07,82.95292547,0.045798822,9.385407175
40,368.4282577,8.585829586,1999,2.60E-09,3.85E-06,1.12E-05,0.002166327,4.18E-05,1.08E-11,2.68E-05,40.24516347,59.75480968,0.336928546,4.105512637,3.156435935,0.006095742,2.96E-07,83.00255684,0.04605342,9.346416581
41,370.2711498,8.583662643,2000,2.61E-09,3.83E-06,1.13E-05,0.002166728,4.16E-05,1.10E-11,2.71E-05,40.48537778,59.51459508,0.338754646,4.10721941,3.142031591,0.006037723,2.91E-07,83.05243538,0.046311594,9.307209368
42,372.1393632,8.581476908,2001,2.62E-09,3.81E-06,1.13E-05,0.002167131,4.14E-05,1.11E-11,2.74E-05,40.72813789,59.27183467,0.34060598,4.108934105,3.127563129,0.00597975,2.87E-07,83.10254846,0.046573345,9.26779494
43,374.0328979,8.579272716,2002,2.63E-09,3.80E-06,1.14E-05,0.002167535,4.12E-05,1.13E-11,2.77E-05,40.97340715,59.0265651,0.342482551,4.110656291,3.113034123,0.005921839,2.83E-07,83.15288363,0.046838675,9.228182613
44,375.951754,8.577050403,2003,2.65E-09,3.78E-06,1.15E-05,0.002167941,4.10E-05,1.15E-11,2.81E-05,41.22114823,58.77882371,0.34438436,4.112385539,3.098448101,0.005864009,2.79E-07,83.20342851,0.047107583,9.188381617
45,377.8959313,8.574810302,2004,2.66E-09,3.76E-06,1.15E-05,0.002168348,4.08E-05,1.17E-11,2.84E-05,41.47132313,58.52864849,0.346311412,4.114121426,3.083808546,0.005806276,2.75E-07,83.25417091,0.04738007,9.148401089
46,379.86543,8.572552746,2005,2.68E-09,3.74E-06,1.16E-05,0.002168756,4.06E-05,1.19E-11,2.87E-05,41.72389317,58.27607814,0.348263709,4.115863535,3.069118896,0.005748658,2.70E-07,83.30509872,0.047656137,9.108250073
47,381.86025,8.570278066,2006,2.69E-09,3.72E-06,1.16E-05,0.002169165,4.04E-05,1.21E-11,2.90E-05,41.97881899,58.02115198,0.350241253,4.117611452,3.054382541,0.005691169,2.66E-07,83.35620002,0.047935785,9.067937511
48,383.8803913,8.567986589,2007,2.70E-09,3.70E-06,1.17E-05,0.002169575,4.02E-05,1.23E-11,2.94E-05,42.23606061,57.76391003,0.352244046,4.119364768,3.039602825,0.005633826,2.62E-07,83.40746301,0.048219014,9.027472249
49,385.925854,8.565678644,2008,2.72E-09,3.68E-06,1.18E-05,0.002169986,4.00E-05,1.25E-11,2.97E-05,42.49557739,57.50439292,0.354272091,4.121123079,3.024783041,0.005576643,2.58E-07,83.45887604,0.048505824,8.986863027
50,387.9966379,8.563354556,2009,2.73E-09,3.66E-06,1.18E-05,0.002170398,3.98E-05,1.27E-11,3.00E-05,42.75732806,57.24264191,0.35632539,4.122885988,3.009926433,0.005519636,2.54E-07,83.5104276,0.048796217,8.946118477
51,390.0927432,8.561014647,2010,2.75E-09,3.64E-06,1.19E-05,0.002170811,3.96E-05,1.29E-11,3.04E-05,43.02127074,56.97869888,0.358403945,4.1246531,2.995036196,0.005462818,2.50E-07,83.56210637,0.049090192,8.905247127
52,392.2141698,8.558659238,2011,2.76E-09,3.62E-06,1.20E-05,0.002171224,3.94E-05,1.32E-11,3.07E-05,43.28736294,56.71260632,0.360507758,4.126424028,2.980115471,0.005406203,2.46E-07,83.61390115,0.049387751,8.86425739
53,394.3609177,8.55628865,2012,2.78E-09,3.60E-06,1.20E-05,0.002171638,3.92E-05,1.34E-11,3.11E-05,43.5555616,56.4444073,0.362636831,4.12819839,2.965167352,0.005349804,2.42E-07,83.66580092,0.049688893,8.823157569
54,396.5329869,8.553903197,2013,2.79E-09,3.58E-06,1.21E-05,0.002172052,3.90E-05,1.36E-11,3.15E-05,43.82582307,56.17414547,0.364791165,4.129975807,2.950194876,0.005293634,2.39E-07,83.71779481,0.04999362,8.78195585
55,398.7303774,8.551503194,2014,2.81E-09,3.56E-06,1.22E-05,0.002172467,3.88E-05,1.38E-11,3.18E-05,44.09810313,55.90186504,0.366970761,4.131755911,2.935201031,0.005237705,2.35E-07,83.76987212,0.050301931,8.740660305
56,400.9530893,8.549088954,2015,2.82E-09,3.54E-06,1.22E-05,0.002172882,3.86E-05,1.41E-11,3.22E-05,44.37235703,55.62761075,0.369175622,4.133538333,2.920188751,0.005182029,2.31E-07,83.82202232,0.050613827,8.699278884
57,403.2011224,8.546660786,2016,2.84E-09,3.52E-06,1.23E-05,0.002173297,3.84E-05,1.43E-11,3.26E-05,44.64853951,55.35142789,0.371405748,4.135322715,2.905160915,0.005126618,2.27E-07,83.87423505,0.050929309,8.657819421
58,405.4744769,8.544218996,2017,2.86E-09,3.50E-06,1.24E-05,0.002173713,3.81E-05,1.46E-11,3.30E-05,44.92660479,55.07336223,0.373661142,4.137108703,2.890120351,0.005071482,2.24E-07,83.9265001,0.051248377,8.616289627
59,407.7731527,8.541763889,2018,2.87E-09,3.48E-06,1.25E-05,0.002174128,3.79E-05,1.48E-11,3.34E-05,45.20650658,54.79346005,0.375941802,4.138895947,2.875069831,0.005016632,2.20E-07,83.97880745,0.051571031,8.57469709
60,410.0971498,8.539295767,2019,2.89E-09,3.46E-06,1.25E-05,0.002174544,3.77E-05,1.51E-11,3.38E-05,45.48819814,54.51176808,0.378247732,4.140684106,2.860012074,0.004962079,2.16E-07,84.03114725,0.051897272,8.533049276
61,412.4464682,8.536814929,2020,2.91E-09,3.44E-06,1.26E-05,0.002174959,3.75E-05,1.54E-11,3.42E-05,45.7716323,54.22833352,0.38057893,4.142472844,2.844949745,0.00490783,2.13E-07,84.08350982,0.052227099,8.491353524
62,414.821108,8.534321671,2021,2.92E-09,3.42E-06,1.27E-05,0.002175375,3.73E-05,1.57E-11,3.46E-05,46.0567614,53.943204,0.382935399,4.144261829,2.829885453,0.004853897,2.09E-07,84.13588565,0.052560514,8.449617051
63,417.221069,8.531816287,2022,2.94E-09,3.40E-06,1.28E-05,0.00217579,3.71E-05,1.59E-11,3.50E-05,46.34353744,53.65642755,0.385317138,4.146050737,2.814821756,0.004800287,2.06E-07,84.18826542,0.052897516,8.407846945
64,419.6463514,8.529299067,2023,2.96E-09,3.38E-06,1.28E-05,0.002176205,3.69E-05,1.62E-11,3.54E-05,46.63191197,53.3680526,0.387724148,4.14783925,2.799761154,0.004747009,2.02E-07,84.24063996,0.053238105,8.366050169
65,422.0969551,8.526770299,2024,2.97E-09,3.36E-06,1.29E-05,0.002176619,3.67E-05,1.65E-11,3.59E-05,46.92183621,53.07812793,0.390156429,4.149627056,2.784706096,0.004694071,1.99E-07,84.29300031,0.053582283,8.324233557
66,424.5728801,8.524230268,2025,2.99E-09,3.34E-06,1.30E-05,0.002177033,3.65E-05,1.68E-11,3.63E-05,47.21326102,52.78670269,0.392613981,4.151413847,2.769658973,0.004641481,1.95E-07,84.34533766,0.053930049,8.282403816
67,427.0741264,8.521679257,2026,3.01E-09,3.32E-06,1.31E-05,0.002177447,3.63E-05,1.71E-11,3.67E-05,47.50613693,52.49382633,0.395096805,4.153199323,2.754622126,0.004589245,1.92E-07,84.39764338,0.054281403,8.240567526
68,429.600694,8.519117544,2027,3.03E-09,3.30E-06,1.31E-05,0.00217786,3.61E-05,1.74E-11,3.72E-05,47.8004142,52.19954861,0.3976049,4.154983191,2.739597839,0.004537372,1.89E-07,84.44990903,0.054636345,8.198731137
69,432.152583,8.516545405,2028,3.04E-09,3.29E-06,1.32E-05,0.002178272,3.59E-05,1.77E-11,3.76E-05,48.09604279,51.90391958,0.400138265,4.156765162,2.724588346,0.004485866,1.86E-07,84.50212633,0.054994877,8.156900972
70,434.7297932,8.513963113,2029,3.06E-09,3.27E-06,1.33E-05,0.002178684,3.57E-05,1.81E-11,3.81E-05,48.3929724,51.60698951,0.402696901,4.158544954,2.709595823,0.004434735,1.82E-07,84.55428718,0.055356997,8.115083227
71,437.3323248,8.511370939,2030,3.08E-09,3.25E-06,1.34E-05,0.002179095,3.55E-05,1.84E-11,3.86E-05,48.69115253,51.30880892,0.405280806,4.160322291,2.694622396,0.004383983,1.79E-07,84.60638367,0.055722705,8.073283966
72,439.9601777,8.508769149,2031,3.10E-09,3.23E-06,1.35E-05,0.002179505,3.52E-05,1.87E-11,3.90E-05,48.99053244,51.00942853,0.407889981,4.162096902,2.679670138,0.004333617,1.76E-07,84.65840806,0.056092003,8.031509129
73,442.6133519,8.506158007,2032,3.12E-09,3.21E-06,1.36E-05,0.002179915,3.50E-05,1.91E-11,3.95E-05,49.29106124,50.70889925,0.410524424,4.163868523,2.664741068,0.004283641,1.73E-07,84.71035276,0.05646489,7.989764525
74,445.2918475,8.503537774,2033,3.14E-09,3.19E-06,1.36E-05,0.002180323,3.48E-05,1.94E-11,4.00E-05,49.59268789,50.40727213,0.413184135,4.165636896,2.649837156,0.00423406,1.70E-07,84.76221038,0.056841365,7.94805584
75,447.9956643,8.500908707,2034,3.16E-09,3.17E-06,1.37E-05,0.002180731,3.46E-05,1.98E-11,4.05E-05,49.89536118,50.10459835,0.415869112,4.16740177,2.634960317,0.004184878,1.67E-07,84.8139737,0.05722143,7.906388629
76,450.7248025,8.498271061,2035,3.17E-09,3.15E-06,1.38E-05,0.002181137,3.44E-05,2.01E-11,4.10E-05,50.19902984,49.8009292,0.418579354,4.169162898,2.620112417,0.0041361,1.64E-07,84.86563566,0.057605083,7.864768323
77,453.479262,8.495625087,2036,3.19E-09,3.13E-06,1.39E-05,0.002181543,3.42E-05,2.05E-11,4.15E-05,50.5036425,49.49631604,0.42131486,4.170920039,2.60529527,0.004087728,1.61E-07,84.91718939,0.057992326,7.823200226
78,456.2590428,8.492971033,2037,3.21E-09,3.11E-06,1.40E-05,0.002181947,3.40E-05,2.09E-11,4.20E-05,50.80914774,49.19081029,0.424075628,4.172672958,2.59051064,0.004039768,1.58E-07,84.96862817,0.058383157,7.781689519
79,459.0641449,8.490309145,2038,3.23E-09,3.09E-06,1.41E-05,0.002182351,3.38E-05,2.13E-11,4.25E-05,51.11549411,48.8844634,0.426861658,4.174421428,2.575760243,0.003992221,1.55E-07,85.01994546,0.058777577,7.740241257
80,461.8945683,8.487639663,2039,3.25E-09,3.07E-06,1.42E-05,0.002182753,3.36E-05,2.17E-11,4.30E-05,51.42263017,48.57732682,0.429672946,4.176165225,2.561045744,0.003945091,1.53E-07,85.07113488,0.059175585,7.698860373
81,464.750313,8.484962827,2040,3.27E-09,3.05E-06,1.43E-05,0.002183154,3.34E-05,2.21E-11,4.35E-05,51.73050449,48.26945198,0.432509492,4.177904132,2.546368759,0.00389838,1.50E-07,85.12219023,0.059577183,7.657551675
82,467.6313791,8.482278873,2041,3.29E-09,3.04E-06,1.44E-05,0.002183553,3.32E-05,2.25E-11,4.41E-05,52.0390657,47.96089024,0.435371293,4.179637938,2.531730858,0.00385209,1.47E-07,85.17310545,0.059982368,7.616319853
83,470.5377665,8.479588031,2042,3.31E-09,3.02E-06,1.44E-05,0.002183952,3.30E-05,2.29E-11,4.46E-05,52.34826249,47.65169291,0.438258348,4.181366436,2.517133561,0.003806224,1.45E-07,85.22387467,0.060391142,7.575169473
84,473.4694751,8.476890533,2043,3.34E-09,3.00E-06,1.45E-05,0.002184349,3.28E-05,2.33E-11,4.51E-05,52.65804366,47.3419112,0.441170654,4.183089425,2.502578344,0.003760782,1.42E-07,85.27449216,0.060803504,7.534104984
85,476.4265052,8.474186603,2044,3.36E-09,2.98E-06,1.46E-05,0.002184744,3.26E-05,2.37E-11,4.57E-05,52.96835814,47.03159617,0.444108208,4.184806713,2.488066633,0.003715768,1.39E-07,85.32495237,0.061219454,7.493130715
86,479.4088565,8.471476465,2045,3.38E-09,2.96E-06,1.47E-05,0.002185139,3.24E-05,2.42E-11,4.62E-05,53.279155,46.72079875,0.447071009,4.186518107,2.473599812,0.003671182,1.37E-07,85.37524988,0.061638991,7.452250879
87,482.4165291,8.468760338,2046,3.40E-09,2.94E-06,1.48E-05,0.002185532,3.22E-05,2.46E-11,4.68E-05,53.59038349,46.4095697,0.450059054,4.188223426,2.459179218,0.003627025,1.34E-07,85.42537945,0.062062116,7.411469572
88,485.4495231,8.466038439,2047,3.42E-09,2.92E-06,1.49E-05,0.002185923,3.20E-05,2.51E-11,4.74E-05,53.90199307,46.09795956,0.45307234,4.18992249,2.444806144,0.003583298,1.32E-07,85.47533599,0.062488828,7.370790776
89,488.5078383,8.463310982,2048,3.44E-09,2.91E-06,1.50E-05,0.002186313,3.18E-05,2.56E-11,4.80E-05,54.21393339,45.78601866,0.456110865,4.191615125,2.430481839,0.003540001,1.30E-07,85.52511456,0.062919126,7.330218357
90,491.5914749,8.460578175,2049,3.46E-09,2.89E-06,1.51E-05,0.002186701,3.16E-05,2.60E-11,4.85E-05,54.52615439,45.47379708,0.459174624,4.193301164,2.416207511,0.003497135,1.27E-07,85.57471036,0.063353011,7.289756072
91,494.7004328,8.457840228,2050,3.48E-09,2.87E-06,1.52E-05,0.002187088,3.15E-05,2.65E-11,4.91E-05,54.83860626,45.16134463,0.462263617,4.194980444,2.401984322,0.0034547,1.25E-07,85.62411875,0.063790482,7.249407564
92,497.834712,8.455097343,2051,3.51E-09,2.85E-06,1.53E-05,0.002187473,3.13E-05,2.70E-11,4.97E-05,55.15123948,44.84871081,0.465377838,4.196652806,2.387813395,0.003412697,1.23E-07,85.67333523,0.064231539,7.20917637
93,500.9943126,8.452349722,2052,3.53E-09,2.83E-06,1.54E-05,0.002187856,3.11E-05,2.75E-11,5.03E-05,55.46400487,44.53594482,0.468517286,4.198318097,2.373695811,0.003371124,1.20E-07,85.72235546,0.064676182,7.169065915
94,504.1792344,8.449597564,2053,3.55E-09,2.82E-06,1.55E-05,0.002188238,3.09E-05,2.80E-11,5.09E-05,55.77685357,44.22309551,0.471681956,4.199976169,2.359632612,0.003329983,1.18E-07,85.77117523,0.065124409,7.12907952
95,507.3894776,8.446841062,2054,3.57E-09,2.80E-06,1.56E-05,0.002188618,3.07E-05,2.85E-11,5.15E-05,56.0897371,43.91021138,0.474871845,4.20162688,2.345624799,0.003289271,1.16E-07,85.81979047,0.065576221,7.0892204
96,510.6250421,8.444080408,2055,3.60E-09,2.78E-06,1.57E-05,0.002188996,3.05E-05,2.90E-11,5.21E-05,56.40260734,43.59734051,0.47808695,4.203270091,2.331673334,0.003248988,1.14E-07,85.86819724,0.066031618,7.049491665
97,513.8859279,8.441315793,2056,3.62E-09,2.76E-06,1.58E-05,0.002189373,3.03E-05,2.96E-11,5.28E-05,56.71541661,43.28453062,0.481327266,4.204905668,2.317779142,0.003209134,1.12E-07,85.91639176,0.066490598,7.009896323
98,517.172135,8.438547401,2057,3.64E-09,2.75E-06,1.59E-05,0.002189748,3.01E-05,3.01E-11,5.34E-05,57.02811763,42.97182897,0.484592791,4.206533482,2.303943109,0.003169707,1.10E-07,85.96437036,0.066953161,6.970437283
99,520.4836634,8.435775415,2058,3.67E-09,2.73E-06,1.60E-05,0.002190121,2.99E-05,3.07E-11,5.40E-05,57.34066359,42.65928238,0.48788352,4.208153408,2.290166086,0.003130707,1.08E-07,86.01212951,0.067419307,6.931117353
100,523.8205131,8.433000016,2059,3.69E-09,2.71E-06,1.61E-05,0.002190492,2.98E-05,3.12E-11,5.47E-05,57.65300811,42.34693721,0.491199448,4.209765327,2.276448886,0.003092131,1.06E-07,86.05966582,0.067889036,6.891939244
101,527.1826842,8.430221381,2060,3.71E-09,2.69E-06,1.62E-05,0.002190862,2.96E-05,3.18E-11,5.53E-05,57.96510535,42.03483932,0.494540573,4.211369124,2.262792287,0.003053979,1.04E-07,86.10697602,0.068362346,6.85290557
102,530.5701766,8.427439684,2061,3.74E-09,2.68E-06,1.63E-05,0.00219123,2.94E-05,3.24E-11,5.60E-05,58.27690992,41.72303409,0.497906889,4.212964686,2.249197035,0.003016249,1.02E-07,86.15405695,0.068839237,6.81401885
103,533.9829903,8.424655095,2062,3.76E-09,2.66E-06,1.64E-05,0.002191596,2.92E-05,3.30E-11,5.66E-05,58.588377,41.41156635,0.501298393,4.214551908,2.235663838,0.002978939,9.97E-08,86.2009056,0.069319709,6.775281512
104,537.4211253,8.421867784,2063,3.79E-09,2.64E-06,1.66E-05,0.00219196,2.90E-05,3.36E-11,5.73E-05,58.89946228,41.10048041,0.504715079,4.216130686,2.222193374,0.002942047,9.78E-08,86.24751907,0.069803762,6.73669589
105,540.8845816,8.419077916,2064,3.81E-09,2.62E-06,1.67E-05,0.002192322,2.88E-05,3.42E-11,5.80E-05,59.21012201,40.78982,0.508156943,4.217700921,2.208786285,0.002905572,9.60E-08,86.29389456,0.070291394,6.698264229
106,544.3733592,8.416285655,2065,3.83E-09,2.61E-06,1.68E-05,0.002192682,2.87E-05,3.48E-11,5.87E-05,59.52031303,40.47962831,0.511623981,4.219262521,2.195443184,0.002869511,9.42E-08,86.34002942,0.070782604,6.659988687
107,547.8874582,8.413491159,2066,3.86E-09,2.59E-06,1.69E-05,0.00219304,2.85E-05,3.55E-11,5.94E-05,59.82999275,40.1699479,0.515116188,4.220815392,2.182164653,0.002833862,9.24E-08,86.38592108,0.071277393,6.621871334
108,551.4268785,8.410694587,2067,3.88E-09,2.57E-06,1.70E-05,0.002193397,2.83E-05,3.61E-11,6.00E-05,60.13911921,39.86082075,0.518633559,4.22235945,2.168951241,0.002798623,9.07E-08,86.43156712,0.07177576,6.583914153
109,554.9916201,8.407896092,2068,3.91E-09,2.56E-06,1.71E-05,0.002193751,2.81E-05,3.68E-11,6.07E-05,60.44765103,39.55228823,0.522176089,4.223894611,2.155803468,0.002763791,8.90E-08,86.4769652,0.072277704,6.546119047
110,558.581683,8.405095828,2069,3.93E-09,2.54E-06,1.72E-05,0.002194104,2.79E-05,3.74E-11,6.14E-05,60.7555475,39.24439106,0.525743773,4.225420797,2.142721826,0.002729365,8.73E-08,86.52211309,0.072783224,6.508487834
111,562.1970672,8.402293942,2070,3.96E-09,2.53E-06,1.73E-05,0.002194454,2.78E-05,3.81E-11,6.22E-05,61.06276852,38.93716932,0.529336606,4.226937931,2.129706778,0.002695341,8.57E-08,86.56700869,0.07329232,6.471022253
112,565.8377727,8.399490583,2071,3.99E-09,2.51E-06,1.75E-05,0.002194803,2.76E-05,3.88E-11,6.29E-05,61.36927469,38.63066244,0.532954582,4.228445942,2.116758758,0.002661717,8.41E-08,86.61164996,0.073804991,6.433723964
113,569.5037996,8.396685892,2072,4.01E-09,2.49E-06,1.76E-05,0.00219515,2.74E-05,3.95E-11,6.36E-05,61.67502723,38.32490917,0.536597696,4.229944762,2.103878174,0.002628491,8.25E-08,86.65603501,0.074321236,6.39659455
114,573.1951477,8.393880013,2073,4.04E-09,2.48E-06,1.77E-05,0.002195494,2.73E-05,4.02E-11,6.43E-05,61.97998808,38.0199476,0.540265944,4.231434326,2.091065408,0.002595659,8.09E-08,86.70016201,0.074841054,6.359635516
115,576.9118172,8.391073083,2074,4.06E-09,2.46E-06,1.78E-05,0.002195837,2.71E-05,4.09E-11,6.51E-05,62.28411984,37.7158151,0.543959318,4.232914573,2.078320814,0.002563219,7.94E-08,86.74402926,0.075364445,6.322848295
116,580.653808,8.38826524,2075,4.09E-09,2.44E-06,1.79E-05,0.002196178,2.69E-05,4.17E-11,6.58E-05,62.58738583,37.41254837,0.547677814,4.234385443,2.065644722,0.002531167,7.79E-08,86.78763512,0.075891409,6.286234248
117,584.4211201,8.385456616,2076,4.12E-09,2.43E-06,1.80E-05,0.002196516,2.67E-05,4.24E-11,6.65E-05,62.88975007,37.11018338,0.551421426,4.235846884,2.053037437,0.002499502,7.64E-08,86.83097807,0.076421943,6.249794662
118,588.2137536,8.382647343,2077,4.14E-09,2.41E-06,1.82E-05,0.002196853,2.66E-05,4.32E-11,6.73E-05,63.1911773,36.8087554,0.555190148,4.237298842,2.040499241,0.00246822,7.50E-08,86.87405667,0.076956048,6.213530757
119,592.0317083,8.379837551,2078,4.17E-09,2.40E-06,1.83E-05,0.002197188,2.64E-05,4.40E-11,6.81E-05,63.49163298,36.50829897,0.558983975,4.238741269,2.028030391,0.002437317,7.36E-08,86.91686957,0.077493723,6.177443683
120,595.8749844,8.377027365,2079,4.20E-09,2.38E-06,1.84E-05,0.00219752,2.62E-05,4.47E-11,6.88E-05,63.79108329,36.20884789,0.5628029,4.24017412,2.015631123,0.002406791,7.22E-08,86.9594155,0.078034966,6.141534524
121,599.7435818,8.374216909,2080,4.22E-09,2.37E-06,1.85E-05,0.002197851,2.61E-05,4.55E-11,6.96E-05,64.08949517,35.91043524,0.566646917,4.241597352,2.003301648,0.002376639,7.08E-08,87.00169329,0.078579778,6.105804301
122,603.6375005,8.371406306,2081,4.25E-09,2.35E-06,1.86E-05,0.00219818,2.59E-05,4.63E-11,7.04E-05,64.38683628,35.61309335,0.57051602,4.243010924,1.991042159,0.002346858,6.95E-08,87.04370185,0.079128156,6.070253967
123,607.5567405,8.368595675,2082,4.28E-09,2.34E-06,1.88E-05,0.002198506,2.57E-05,4.72E-11,7.12E-05,64.68307505,35.3168538,0.574410203,4.244414801,1.978852824,0.002317444,6.82E-08,87.08544014,0.079680101,6.034884416
124,611.5013018,8.365785132,2083,4.31E-09,2.32E-06,1.89E-05,0.002198831,2.56E-05,4.80E-11,7.19E-05,64.97818064,35.02174742,0.57832946,4.245808949,1.966733794,0.002288394,6.69E-08,87.12690725,0.080235611,5.999696481
125,615.4711844,8.362974793,2084,4.34E-09,2.31E-06,1.90E-05,0.002199154,2.54E-05,4.88E-11,7.27E-05,65.27212298,34.72780429,0.582273784,4.247193334,1.954685198,0.002259704,6.56E-08,87.16810229,0.080794686,5.964690934
126,619.4663884,8.360164771,2085,4.36E-09,2.29E-06,1.91E-05,0.002199474,2.53E-05,4.97E-11,7.35E-05,65.56487274,34.43505372,0.586243169,4.248567929,1.942707146,0.002231373,6.44E-08,87.2090245,0.081357324,5.92986849
127,623.4869137,8.357355176,2086,4.39E-09,2.28E-06,1.93E-05,0.002199793,2.51E-05,5.06E-11,7.43E-05,65.85640137,34.14352428,0.590237608,4.249932708,1.930799729,0.002203395,6.32E-08,87.24967316,0.081923525,5.895229809
128,627.5327603,8.354546115,2087,4.42E-09,2.26E-06,1.94E-05,0.002200109,2.49E-05,5.15E-11,7.52E-05,66.14668108,33.85324377,0.594257095,4.251287646,1.918963021,0.002175769,6.20E-08,87.29004763,0.082493288,5.860775493
129,631.6039282,8.351737696,2088,4.45E-09,2.25E-06,1.95E-05,0.002200424,2.48E-05,5.24E-11,7.60E-05,66.43568482,33.56423921,0.598301623,4.252632722,1.907197076,0.00214849,6.08E-08,87.33014733,0.083066612,5.826506091
130,635.7004174,8.348930022,2089,4.48E-09,2.23E-06,1.97E-05,0.002200736,2.46E-05,5.33E-11,7.68E-05,66.72338633,33.27653687,0.602371185,4.253967917,1.895501933,0.002121555,5.96E-08,87.36997175,0.083643495,5.792422102
131,639.8222279,8.346123194,2090,4.51E-09,2.22E-06,1.98E-05,0.002201047,2.45E-05,5.42E-11,7.76E-05,67.00976009,32.99016228,0.606465774,4.255293214,1.883877613,0.002094961,5.85E-08,87.40952047,0.084223938,5.75852397
132,643.9693598,8.343317314,2091,4.54E-09,2.20E-06,1.99E-05,0.002201355,2.43E-05,5.51E-11,7.85E-05,67.29478137,32.70514016,0.610585384,4.2566086,1.87232412,0.002068704,5.74E-08,87.4487931,0.084807938,5.724812092
133,648.1418129,8.340512479,2092,4.57E-09,2.19E-06,2.01E-05,0.002201662,2.42E-05,5.61E-11,7.93E-05,67.57842618,32.42149452,0.614730007,4.25791406,1.860841445,0.002042781,5.63E-08,87.48778934,0.085395496,5.691286815
134,652.3395874,8.337708783,2093,4.60E-09,2.18E-06,2.02E-05,0.002201966,2.40E-05,5.70E-11,8.02E-05,67.86067129,32.13924856,0.618899637,4.259209586,1.84942956,0.002017189,5.53E-08,87.52650893,0.085986609,5.657948439
135,656.5626832,8.334906323,2094,4.62E-09,2.16E-06,2.03E-05,0.002202268,2.39E-05,5.80E-11,8.10E-05,68.14149423,31.85842476,0.623094266,4.260495169,1.838088425,0.001991924,5.42E-08,87.56495167,0.086581277,5.624797219
136,660.8111003,8.332105188,2095,4.65E-09,2.15E-06,2.05E-05,0.002202569,2.37E-05,5.90E-11,8.19E-05,68.4208733,31.57904484,0.627313887,4.261770804,1.826817984,0.001966982,5.32E-08,87.60311743,0.0871795,5.591833363
137,665.0848388,8.32930547,2096,4.68E-09,2.13E-06,2.06E-05,0.002202867,2.36E-05,6.00E-11,8.27E-05,68.69878752,31.30112975,0.631558492,4.263036485,1.815618168,0.001942361,5.22E-08,87.64100613,0.087781275,5.559057038
138,669.3838985,8.326507257,2097,4.72E-09,2.12E-06,2.07E-05,0.002203164,2.34E-05,6.10E-11,8.36E-05,68.97521669,31.02469971,0.635828075,4.264292211,1.804488895,0.001918057,5.12E-08,87.67861774,0.088386602,5.526468367
139,673.7082796,8.323710633,2098,4.75E-09,2.11E-06,2.09E-05,0.002203458,2.33E-05,6.21E-11,8.45E-05,69.25014133,30.74977419,0.640122629,4.265537981,1.793430068,0.001894066,5.02E-08,87.71595229,0.08899548,5.494067432
140,678.057982,8.320915685,2099,4.78E-09,2.09E-06,2.10E-05,0.00220375,2.31E-05,6.31E-11,8.54E-05,69.52354271,30.47637193,0.644442144,4.266773797,1.78244158,0.001870385,4.93E-08,87.75300986,0.089607908,5.461854274
141,682.4330057,8.318122495,2100,4.81E-09,2.08E-06,2.11E-05,0.002204041,2.30E-05,6.42E-11,8.62E-05,69.79540283,30.20451093,0.648786615,4.267999662,1.77152331,0.001847011,4.84E-08,87.78979057,0.090223884,5.429828898
142,686.8333507,8.315331143,2101,4.84E-09,2.07E-06,2.13E-05,0.002204329,2.28E-05,6.53E-11,8.71E-05,70.06570442,29.93420845,0.653156033,4.269215581,1.760675126,0.001823939,4.75E-08,87.8262946,0.090843408,5.397991268
143,691.259017,8.312541709,2102,4.87E-09,2.05E-06,2.14E-05,0.002204616,2.27E-05,6.64E-11,8.80E-05,70.33443092,29.66548106,0.657550391,4.270421559,1.749896883,0.001801168,4.66E-08,87.86252216,0.091466478,5.366341313
144,695.7100047,8.309754269,2103,4.90E-09,2.04E-06,2.16E-05,0.0022049,2.25E-05,6.75E-11,8.89E-05,70.60156649,29.39834457,0.661969681,4.271617606,1.739188428,0.001778693,4.57E-08,87.89847353,0.092093094,5.334878925
145,700.1863136,8.306968901,2104,4.93E-09,2.03E-06,2.17E-05,0.002205183,2.24E-05,6.86E-11,8.98E-05,70.86709603,29.13281413,0.666413895,4.272803731,1.728549595,0.00175651,4.48E-08,87.93414901,0.092723254,5.303603964
146,704.6879439,8.304185677,2105,4.96E-09,2.01E-06,2.18E-05,0.002205464,2.23E-05,6.98E-11,9.08E-05,71.13100509,28.86890416,0.670883025,4.273979944,1.717980209,0.001734618,4.40E-08,87.96954895,0.093356957,5.272516253
147,709.2148955,8.30140467,2106,5.00E-09,2.00E-06,2.20E-05,0.002205742,2.21E-05,7.09E-11,9.17E-05,71.39327995,28.60662838,0.675377064,4.275146259,1.707480084,0.001713012,4.32E-08,88.00467375,0.093994203,5.241615585
148,713.7671684,8.298625951,2107,5.03E-09,1.99E-06,2.21E-05,0.002206019,2.20E-05,7.21E-11,9.26E-05,71.65390756,28.34599983,0.679896003,4.276302689,1.697049026,0.001691688,4.24E-08,88.03952384,0.094634989,5.210901721
149,718.3447626,8.295849588,2108,5.06E-09,1.98E-06,2.23E-05,0.002206294,2.19E-05,7.33E-11,9.35E-05,71.91287557,28.0870309,0.684439834,4.27744925,1.68668683,0.001670644,4.16E-08,88.07409969,0.095279315,5.180374391
150,722.9476782,8.293075651,2109,5.09E-09,1.96E-06,2.24E-05,0.002206567,2.17E-05,7.45E-11,9.45E-05,72.17017228,27.82973326,0.689008549,4.278585958,1.676393284,0.001649877,4.08E-08,88.10840182,0.095927179,5.150033294
151,727.575915,8.290304204,2110,5.13E-09,1.95E-06,2.26E-05,0.002206838,2.16E-05,7.57E-11,9.54E-05,72.42578665,27.57411794,0.693602141,4.279712832,1.666168167,0.001629382,4.00E-08,88.14243075,0.096578581,5.119878105
152,732.2294732,8.287535312,2111,5.16E-09,1.94E-06,2.27E-05,0.002207107,2.14E-05,7.70E-11,9.64E-05,72.6797083,27.32019534,0.6982206,4.280829889,1.656011249,0.001609158,3.93E-08,88.17618708,0.097233519,5.089908465
153,736.9083527,8.284769039,2112,5.19E-09,1.93E-06,2.29E-05,0.002207374,2.13E-05,7.82E-11,9.73E-05,72.93192751,27.06797518,0.702863919,4.281937152,1.645922293,0.001589199,3.85E-08,88.20967141,0.097891992,5.060123993
154,741.6125535,8.282005445,2113,5.22E-09,1.91E-06,2.30E-05,0.002207639,2.12E-05,7.95E-11,9.83E-05,73.18243518,26.81746656,0.707532089,4.28303464,1.635901054,0.001569504,3.78E-08,88.2428844,0.098553999,5.030524281
155,746.3420756,8.279244592,2114,5.26E-09,1.90E-06,2.32E-05,0.002207903,2.10E-05,8.08E-11,9.92E-05,73.43122282,26.56867795,0.712225102,4.284122377,1.625947281,0.001550069,3.71E-08,88.2758267,0.099219538,5.001108894
156,751.096919,8.276486538,2115,5.29E-09,1.89E-06,2.33E-05,0.002208164,2.09E-05,8.21E-11,0.000100197,73.67828258,26.32161722,0.716942949,4.285200385,1.616060714,0.001530891,3.64E-08,88.30849904,0.099888609,4.971877375
157,755.8770838,8.273731339,2116,5.32E-09,1.88E-06,2.35E-05,0.002208424,2.08E-05,8.34E-11,0.00010117,73.92360721,26.07629162,0.721685621,4.286268691,1.606241088,0.001511966,3.57E-08,88.34090215,0.10056121,4.942829242
158,760.6825698,8.270979053,2117,5.36E-09,1.87E-06,2.36E-05,0.002208682,2.07E-05,8.48E-11,0.000102149,74.16719005,25.8327078,0.726453111,4.287327319,1.596488132,0.001493292,3.51E-08,88.37303678,0.10123734,4.913963992
159,765.5133772,8.268229734,2118,5.39E-09,1.85E-06,2.38E-05,0.002208938,2.05E-05,8.61E-11,0.000103133,74.40902504,25.59087183,0.73124541,4.288376296,1.586801567,0.001474865,3.44E-08,88.40490373,0.101916998,4.885281099
160,770.3695059,8.265483435,2119,5.43E-09,1.84E-06,2.39E-05,0.002209192,2.04E-05,8.75E-11,0.000104122,74.64910667,25.35078921,0.736062508,4.28941565,1.577181109,0.001456683,3.38E-08,88.43650382,0.102600182,4.856780017
161,775.2509559,8.262740208,2120,5.46E-09,1.83E-06,2.41E-05,0.002209444,2.03E-05,8.89E-11,0.000105116,74.88743002,25.11246486,0.740904398,4.290445409,1.56762647,0.001438742,3.32E-08,88.46783788,0.103286891,4.828460179
162,780.1577273,8.260000104,2121,5.50E-09,1.82E-06,2.42E-05,0.002209695,2.02E-05,9.03E-11,0.000106115,75.12399071,24.87590317,0.74577107,4.291465602,1.558137355,0.001421038,3.26E-08,88.49890678,0.103977124,4.800320999
163,785.0898199,8.257263172,2122,5.53E-09,1.81E-06,2.44E-05,0.002209943,2.00E-05,9.18E-11,0.00010712,75.35878492,24.64110796,0.750662515,4.292476259,1.548713464,0.001403571,3.20E-08,88.52971141,0.10467088,4.772361872
164,790.0472339,8.254529461,2123,5.57E-09,1.80E-06,2.45E-05,0.00221019,1.99E-05,9.32E-11,0.00010813,75.59180934,24.40808253,0.755578725,4.293477411,1.539354493,0.001386335,3.14E-08,88.56025267,0.105368157,4.744582175
165,795.0299692,8.251799018,2124,5.60E-09,1.79E-06,2.47E-05,0.002210435,1.98E-05,9.47E-11,0.000109145,75.8230612,24.17682965,0.760519691,4.29446909,1.530060133,0.001369328,3.08E-08,88.59053151,0.106068955,4.716981267
166,800.0380258,8.249071889,2125,5.64E-09,1.77E-06,2.49E-05,0.002210679,1.97E-05,9.62E-11,0.000110165,76.05253825,23.94735159,0.765485403,4.295451328,1.520830071,0.001352548,3.02E-08,88.62054886,0.106773271,4.689558492
167,805.0714037,8.246348117,2126,5.67E-09,1.76E-06,2.50E-05,0.00221092,1.95E-05,9.77E-11,0.00011119,76.28023871,23.7196501,0.770475853,4.296424158,1.511663989,0.001335991,2.97E-08,88.6503057,0.107481104,4.662313177
168,810.1301029,8.243627748,2127,5.71E-09,1.75E-06,2.52E-05,0.00221116,1.94E-05,9.92E-11,0.00011222,76.50616131,23.49372647,0.775491032,4.297387614,1.502561566,0.001319654,2.91E-08,88.67980302,0.108192454,4.635244634
169,815.2141234,8.240910823,2128,5.74E-09,1.74E-06,2.53E-05,0.002211398,1.93E-05,1.01E-10,0.000113255,76.73030528,23.26958147,0.78053093,4.298341731,1.493522478,0.001303535,2.86E-08,88.70904182,0.108907319,4.608352158
170,820.3234653,8.238197383,2129,5.78E-09,1.73E-06,2.55E-05,0.002211635,1.92E-05,1.02E-10,0.000114295,76.95267027,23.04721543,0.785595538,4.299286542,1.484546395,0.00128763,2.81E-08,88.73802314,0.109625697,4.581635035
171,825.4581285,8.23548747,2130,5.81E-09,1.72E-06,2.57E-05,0.002211869,1.91E-05,1.04E-10,0.00011534,77.17325644,22.82662822,0.790684846,4.300222084,1.475632986,0.001271938,2.75E-08,88.766748,0.110347587,4.555092532
172,830.618113,8.232781121,2131,5.85E-09,1.71E-06,2.58E-05,0.002212102,1.89E-05,1.05E-10,0.00011639,77.39206434,22.60781927,0.795798847,4.301148393,1.466781917,0.001256454,2.70E-08,88.79521747,0.111072988,4.528723907
173,835.8034188,8.230078375,2132,5.89E-09,1.70E-06,2.60E-05,0.002212333,1.88E-05,1.07E-10,0.000117445,77.60909502,22.39078754,0.80093753,4.302065506,1.457992849,0.001241177,2.65E-08,88.82343261,0.111801898,4.502528404
174,841.0140459,8.227379269,2133,5.92E-09,1.69E-06,2.62E-05,0.002212563,1.87E-05,1.09E-10,0.000118505,77.8243499,22.1755316,0.806100885,4.302973458,1.449265441,0.001226104,2.61E-08,88.85139451,0.112534317,4.476505254
175,846.2499943,8.224683839,2134,5.96E-09,1.68E-06,2.63E-05,0.00221279,1.86E-05,1.10E-10,0.00011957,78.03783084,21.96204959,0.811288905,4.303872289,1.440599352,0.001211231,2.56E-08,88.87910427,0.113270242,4.45065368
176,851.5112641,8.221992121,2135,6.00E-09,1.67E-06,2.65E-05,0.002213017,1.85E-05,1.12E-10,0.00012064,78.24954011,21.75033925,0.816501578,4.304762036,1.431994236,0.001196557,2.51E-08,88.906563,0.114009673,4.424972893
177,856.7978551,8.219304147,2136,6.04E-09,1.66E-06,2.67E-05,0.002213241,1.84E-05,1.14E-10,0.000121714,78.45948034,21.54039794,0.821738895,4.305642738,1.423449744,0.001182078,2.47E-08,88.93377182,0.114752608,4.399462091
178,862.1097675,8.216619953,2137,6.07E-09,1.65E-06,2.68E-05,0.002213464,1.83E-05,1.15E-10,0.000122794,78.66765459,21.33222262,0.827000847,4.306514433,1.414965528,0.001167793,2.42E-08,88.96073186,0.115499045,4.374120466
179,867.4470012,8.213939568,2138,6.11E-09,1.64E-06,2.70E-05,0.002213685,1.82E-05,1.17E-10,0.000123878,78.87406624,21.12580988,0.832287425,4.307377161,1.406541236,0.001153698,2.38E-08,88.98744427,0.116248984,4.348947201
180,872.8095563,8.211263025,2139,6.15E-09,1.63E-06,2.72E-05,0.002213905,1.80E-05,1.19E-10,0.000124967,79.07871908,20.92115596,0.837598618,4.308230962,1.398176515,0.00113979,2.33E-08,89.0139102,0.117002422,4.323941466
181,878.1974326,8.208590355,2140,6.19E-09,1.62E-06,2.73E-05,0.002214123,1.79E-05,1.21E-10,0.000126061,79.2816172,20.71825673,0.842934417,4.309075875,1.389871009,0.001126069,2.29E-08,89.04013082,0.117759359,4.299102428
182,883.6106302,8.205921586,2141,6.22E-09,1.61E-06,2.75E-05,0.002214339,1.78E-05,1.23E-10,0.00012716,79.48276508,20.51710776,0.848294812,4.309911941,1.381624364,0.00111253,2.25E-08,89.0661073,0.118519793,4.274429243
183,889.0491492,8.203256747,2142,6.26E-09,1.60E-06,2.77E-05,0.002214554,1.77E-05,1.24E-10,0.000128264,79.6821675,20.31770424,0.853679793,4.310739201,1.37343622,0.001099171,2.21E-08,89.09184081,0.119283723,4.24992106
184,894.5129895,8.200595867,2143,6.30E-09,1.59E-06,2.78E-05,0.002214767,1.76E-05,1.26E-10,0.000129372,79.87982956,20.12004107,0.85908935,4.311557695,1.365306219,0.00108599,2.17E-08,89.11733255,0.120051147,4.225577022
185,900.0021511,8.197938971,2144,6.34E-09,1.58E-06,2.80E-05,0.002214978,1.75E-05,1.28E-10,0.000130485,80.07575668,19.92411284,0.864523474,4.312367464,1.357234003,0.001072985,2.13E-08,89.14258372,0.120822063,4.201396266
186,905.516634,8.195286086,2145,6.38E-09,1.57E-06,2.82E-05,0.002215188,1.74E-05,1.30E-10,0.000131603,80.26995457,19.72991382,0.869982155,4.313168551,1.349219208,0.001060153,2.09E-08,89.16759552,0.121596471,4.177377921
187,911.0564382,8.192637237,2146,6.42E-09,1.56E-06,2.84E-05,0.002215397,1.73E-05,1.32E-10,0.000132726,80.46242925,19.53743803,0.875465382,4.313960996,1.341261476,0.001047492,2.05E-08,89.19236915,0.122374368,4.153521111
188,916.6215638,8.189992448,2147,6.46E-09,1.55E-06,2.85E-05,0.002215603,1.72E-05,1.34E-10,0.000133853,80.65318699,19.34667916,0.880973145,4.314744842,1.333360442,0.001034999,2.02E-08,89.21690584,0.123155754,4.129824957
189,922.2120106,8.187351744,2148,6.50E-09,1.54E-06,2.87E-05,0.002215809,1.71E-05,1.36E-10,0.000134985,80.84223435,19.15763066,0.886505436,4.315520131,1.325515745,0.001022673,1.98E-08,89.2412068,0.123940627,4.106288571
190,927.8277788,8.184715147,2149,6.54E-09,1.53E-06,2.89E-05,0.002216013,1.70E-05,1.38E-10,0.000136122,81.02957815,18.97028573,0.892062242,4.316286905,1.317727022,0.00101051,1.95E-08,89.26527325,0.124728986,4.082911064
191,933.4688683,8.18208268,2150,6.58E-09,1.52E-06,2.91E-05,0.002216215,1.69E-05,1.40E-10,0.000137263,81.21522546,18.78463727,0.897643555,4.317045206,1.309993908,0.000998509,1.91E-08,89.28910643,0.125520829,4.05969154
192,939.1352791,8.179454363,2151,6.62E-09,1.51E-06,2.93E-05,0.002216416,1.68E-05,1.42E-10,0.000138409,81.39918359,18.600678,0.903249363,4.317795077,1.30231604,0.000986667,1.88E-08,89.31270758,0.126316154,4.036629102
193,944.8270112,8.176830217,2152,6.66E-09,1.50E-06,2.94E-05,0.002216615,1.67E-05,1.44E-10,0.00013956,81.58146009,18.41840035,0.908879658,4.318536561,1.294693055,0.000974983,1.84E-08,89.33607792,0.12711496,4.013722847
194,950.5440647,8.174210264,2153,6.70E-09,1.49E-06,2.96E-05,0.002216813,1.66E-05,1.46E-10,0.000140715,81.76206272,18.23779656,0.914534428,4.319269701,1.287124587,0.000963454,1.81E-08,89.3592187,0.127917246,3.99097187
195,956.2864394,8.171594521,2154,6.74E-09,1.48E-06,2.98E-05,0.002217009,1.65E-05,1.48E-10,0.000141875,81.94099948,18.05885864,0.920213663,4.319994539,1.279610275,0.000952077,1.78E-08,89.38213116,0.128723009,3.968375263
196,962.0541355,8.168983007,2155,6.78E-09,1.48E-06,3.00E-05,0.002217204,1.64E-05,1.50E-10,0.00014304,82.11827855,17.88157841,0.925917353,4.320711119,1.272149753,0.000940852,1.75E-08,89.40481654,0.12953225,3.945932115
197,967.8471529,8.166375741,2156,6.82E-09,1.47E-06,3.02E-05,0.002217398,1.63E-05,1.52E-10,0.000144209,82.29390834,17.70594746,0.931645487,4.321419484,1.264742658,0.000929775,1.72E-08,89.4272761,0.130344965,3.923641513
198,973.6654916,8.16377274,2157,6.86E-09,1.46E-06,3.03E-05,0.00221759,1.62E-05,1.54E-10,0.000145383,82.46789741,17.53195721,0.937398055,4.322119677,1.257388627,0.000918845,1.69E-08,89.44951108,0.131161155,3.901502542
199,979.5091516,8.16117402,2158,6.90E-09,1.45E-06,3.05E-05,0.00221778,1.61E-05,1.57E-10,0.000146561,82.64025454,17.3595989,0.943175047,4.32281174,1.250087298,0.00090806,1.66E-08,89.47152274,0.131980816,3.879514285
200,985.3781329,8.158579598,2159,6.94E-09,1.44E-06,3.07E-05,0.002217969,1.60E-05,1.59E-10,0.000147743,82.81098867,17.18886359,0.948976451,4.323495719,1.242838308,0.000897417,1.63E-08,89.49331232,0.132803948,3.857675824
201,991.2724356,8.155989488,2160,6.98E-09,1.43E-06,3.09E-05,0.002218157,1.59E-05,1.61E-10,0.000148931,82.98010889,17.01974218,0.954802258,4.324171655,1.235641295,0.000886915,1.60E-08,89.51488107,0.133630548,3.835986239
202,997.1920596,8.153403706,2161,7.02E-09,1.42E-06,3.11E-05,0.002218344,1.58E-05,1.63E-10,0.000150123,83.14762449,16.85222539,0.960652457,4.324839593,1.228495898,0.000876551,1.57E-08,89.53623026,0.134460617,3.81444461
203,1003.137005,8.150822267,2162,7.07E-09,1.42E-06,3.13E-05,0.002218529,1.57E-05,1.66E-10,0.000151319,83.31354486,16.68630382,0.966527037,4.325499575,1.221401757,0.000866325,1.54E-08,89.55736112,0.135294151,3.793050016
204,1009.107271,8.148245182,2163,7.11E-09,1.41E-06,3.15E-05,0.002218712,1.56E-05,1.68E-10,0.00015252,83.47787958,16.5219679,0.972425987,4.326151646,1.214358512,0.000856233,1.52E-08,89.57827492,0.13613115,3.771801535
205,1015.102859,8.145672467,2164,7.15E-09,1.40E-06,3.17E-05,0.002218894,1.56E-05,1.70E-10,0.000153725,83.64063834,16.35920794,0.978349297,4.326795848,1.207365804,0.000846275,1.49E-08,89.59897291,0.136971611,3.750698245
206,1021.123769,8.143104133,2165,7.19E-09,1.39E-06,3.18E-05,0.002219075,1.55E-05,1.73E-10,0.000154935,83.80183095,16.19801411,0.984296956,4.327432225,1.200423275,0.000836447,1.46E-08,89.61945632,0.137815534,3.729739224
207,1027.169999,8.140540192,2166,7.24E-09,1.38E-06,3.20E-05,0.002219255,1.54E-05,1.75E-10,0.000156149,83.96146738,16.03837647,0.990268953,4.328060819,1.193530569,0.000826749,1.44E-08,89.63972643,0.138662917,3.708923551
208,1033.241551,8.137980655,2167,7.28E-09,1.37E-06,3.22E-05,0.002219433,1.53E-05,1.77E-10,0.000157368,84.11955767,15.88028496,0.996265277,4.328681676,1.186687329,0.000817179,1.41E-08,89.65978446,0.139513757,3.688250303
209,1039.338424,8.135425535,2168,7.32E-09,1.37E-06,3.24E-05,0.00221961,1.52E-05,1.80E-10,0.000158591,84.27611201,15.7237294,1.002285918,4.329294837,1.1798932,0.000807734,1.39E-08,89.67963168,0.140368055,3.667718561
210,1045.460619,8.13287484,2169,7.36E-09,1.36E-06,3.26E-05,0.002219785,1.51E-05,1.82E-10,0.000159819,84.43114066,15.56869952,1.008330865,4.329900346,1.173147828,0.000798413,1.36E-08,89.69926932,0.141225807,3.647327404
211,1051.608134,8.130328581,2170,7.41E-09,1.35E-06,3.28E-05,0.00221996,1.50E-05,1.85E-10,0.000161051,84.584654,15.41518495,1.014400105,4.330498245,1.166450862,0.000789214,1.34E-08,89.71869863,0.142087013,3.627075914
212,1057.780972,8.127786768,2171,7.45E-09,1.34E-06,3.30E-05,0.002220133,1.49E-05,1.87E-10,0.000162287,84.73666248,15.26317523,1.02049363,4.331088579,1.159801948,0.000780137,1.32E-08,89.73792085,0.142951671,3.606963172
213,1063.97913,8.125249409,2172,7.49E-09,1.33E-06,3.32E-05,0.002220304,1.48E-05,1.90E-10,0.000163528,84.88717665,15.11265982,1.026611427,4.33167139,1.153200738,0.000771177,1.30E-08,89.75693721,0.143819779,3.586988261
214,1070.20261,8.122716512,2173,7.54E-09,1.33E-06,3.34E-05,0.002220475,1.48E-05,1.92E-10,0.000164774,85.03620713,14.9636281,1.032753485,4.332246722,1.146646881,0.000762336,1.27E-08,89.77574896,0.144691335,3.567150268
215,1076.451411,8.120188087,2174,7.58E-09,1.32E-06,3.36E-05,0.002220644,1.47E-05,1.95E-10,0.000166023,85.1837646,14.81606938,1.038919794,4.332814615,1.140140031,0.000753609,1.25E-08,89.79435732,0.145566339,3.547448277
216,1082.725533,8.11766414,2175,7.63E-09,1.31E-06,3.38E-05,0.002220812,1.46E-05,1.98E-10,0.000167277,85.32985983,14.66997289,1.045110342,4.333375115,1.133679842,0.000744997,1.23E-08,89.81276352,0.146444788,3.527881379
217,1089.024977,8.115144678,2176,7.67E-09,1.30E-06,3.40E-05,0.002220979,1.45E-05,2.00E-10,0.000168536,85.47450364,14.52532782,1.051325118,4.333928262,1.127265968,0.000736497,1.21E-08,89.8309688,0.147326681,3.508448663
218,1095.349742,8.112629708,2177,7.72E-09,1.30E-06,3.42E-05,0.002221144,1.44E-05,2.03E-10,0.000169799,85.6177069,14.3821233,1.057564111,4.3344741,1.120898067,0.000728108,1.19E-08,89.84897436,0.148212017,3.489149222
219,1101.699828,8.110119236,2178,7.76E-09,1.29E-06,3.44E-05,0.002221308,1.43E-05,2.06E-10,0.000171066,85.75948054,14.24034839,1.06382731,4.335012671,1.114575796,0.000719828,1.17E-08,89.86678144,0.149100792,3.46998215
220,1108.075236,8.107613269,2179,7.81E-09,1.28E-06,3.46E-05,0.002221471,1.43E-05,2.08E-10,0.000172337,85.89983553,14.09999213,1.070114702,4.335544018,1.108298815,0.000711656,1.15E-08,89.88439125,0.149993007,3.450946544
221,1114.475965,8.105111811,2180,7.85E-09,1.27E-06,3.48E-05,0.002221633,1.42E-05,2.11E-10,0.000173613,86.03878287,13.96104351,1.076426278,4.336068182,1.102066786,0.00070359,1.13E-08,89.90180499,0.150888659,3.432041505
222,1120.902015,8.102614868,2181,7.90E-09,1.27E-06,3.50E-05,0.002221794,1.41E-05,2.14E-10,0.000174893,86.17633362,13.82349148,1.082762025,4.336585205,1.095879371,0.000695629,1.11E-08,89.91902388,0.151787747,3.413266135
223,1127.353387,8.100122444,2182,7.94E-09,1.26E-06,3.52E-05,0.002221953,1.40E-05,2.17E-10,0.000176178,86.31249885,13.68732497,1.089121932,4.337095129,1.089736236,0.000687771,1.09E-08,89.93604911,0.152690269,3.394619538
224,1133.83008,8.097634544,2183,7.99E-09,1.25E-06,3.54E-05,0.002222111,1.39E-05,2.20E-10,0.000177467,86.44728967,13.55253287,1.095505988,4.337597997,1.083637045,0.000680015,1.07E-08,89.9528819,0.153596224,3.376100822
225,1140.332094,8.095151171,2184,8.03E-09,1.24E-06,3.56E-05,0.002222268,1.39E-05,2.22E-10,0.00017876,86.58071719,13.41910405,1.101914182,4.338093848,1.077581468,0.000672359,1.05E-08,89.96952343,0.154505609,3.357709099
226,1146.85943,8.092672328,2185,8.08E-09,1.24E-06,3.58E-05,0.002222424,1.38E-05,2.25E-10,0.000180057,86.71279257,13.28702737,1.108346501,4.338582726,1.071569173,0.000664802,1.04E-08,89.98597488,0.155418423,3.339443482
227,1153.412086,8.09019802,2186,8.12E-09,1.23E-06,3.60E-05,0.002222579,1.37E-05,2.28E-10,0.000181359,86.84352696,13.15629168,1.114802934,4.339064671,1.065599832,0.000657343,1.02E-08,90.00223746,0.156334665,3.321303088
228,1159.990065,8.087728249,2187,8.17E-09,1.22E-06,3.62E-05,0.002222732,1.36E-05,2.31E-10,0.000182665,86.97293153,13.0268858,1.12128347,4.339539725,1.059673117,0.00064998,1.00E-08,90.01831233,0.157254332,3.303287039
229,1166.593364,8.085263016,2188,8.22E-09,1.22E-06,3.64E-05,0.002222885,1.36E-05,2.34E-10,0.000183976,87.10101745,12.89879857,1.127788096,4.340007927,1.053788705,0.000642712,9.85E-09,90.03420067,0.158177423,3.285394457
230,1173.221985,8.082802326,2189,8.26E-09,1.21E-06,3.67E-05,0.002223036,1.35E-05,2.37E-10,0.00018529,87.22779589,12.77201882,1.134316803,4.34046932,1.04794627,0.000635538,9.68E-09,90.04990365,0.159103937,3.26762447
231,1179.875927,8.080346178,2190,8.31E-09,1.20E-06,3.69E-05,0.002223187,1.34E-05,2.40E-10,0.000186609,87.35327803,12.64653536,1.140869576,4.340923943,1.042145492,0.000628456,9.52E-09,90.06542244,0.160033872,3.249976209
232,1186.55519,8.077894575,2191,8.36E-09,1.20E-06,3.71E-05,0.002223336,1.33E-05,2.43E-10,0.000187932,87.47747504,12.52233703,1.147446406,4.341371837,1.036386051,0.000621464,9.36E-09,90.0807582,0.160967225,3.232448809
233,1193.259775,8.075447517,2192,8.41E-09,1.19E-06,3.73E-05,0.002223484,1.33E-05,2.46E-10,0.00018926,87.60039807,12.39941267,1.15404728,4.341813042,1.030667629,0.000614563,9.20E-09,90.09591207,0.161903996,3.215041408
234,1199.989681,8.073005007,2193,8.45E-09,1.18E-06,3.75E-05,0.002223631,1.32E-05,2.50E-10,0.000190592,87.72205827,12.27775114,1.160672186,4.342247599,1.02498991,0.000607749,9.05E-09,90.11088522,0.162844183,3.197753147
235,1206.744909,8.070567043,2194,8.50E-09,1.18E-06,3.77E-05,0.002223777,1.31E-05,2.53E-10,0.000191928,87.84246678,12.1573413,1.167321112,4.342675547,1.019352579,0.000601024,8.90E-09,90.12567877,0.163787783,3.180583172
236,1213.525457,8.068133627,2195,8.55E-09,1.17E-06,3.79E-05,0.002223921,1.30E-05,2.56E-10,0.000193268,87.9616347,12.03817203,1.173994048,4.343096925,1.013755325,0.000594384,8.75E-09,90.14029388,0.164734796,3.163530634
237,1220.331327,8.065704758,2196,8.60E-09,1.16E-06,3.81E-05,0.002224065,1.30E-05,2.59E-10,0.000194612,88.07957314,11.92023224,1.18069098,4.343511774,1.008197836,0.000587828,8.61E-09,90.15473167,0.165685219,3.146594687
238,1227.162519,8.063280436,2197,8.64E-09,1.16E-06,3.84E-05,0.002224208,1.29E-05,2.62E-10,0.000195961,88.19629317,11.80351087,1.187411896,4.343920132,1.002679804,0.000581357,8.47E-09,90.16899326,0.166639051,3.129774487
239,1234.019031,8.060860661,2198,8.69E-09,1.15E-06,3.86E-05,0.00222435,1.28E-05,2.66E-10,0.000197314,88.31180582,11.68799687,1.194156786,4.344322038,0.997200923,0.000574968,8.33E-09,90.18307979,0.167596291,3.113069197
240,1240.900865,8.058445431,2199,8.74E-09,1.14E-06,3.88E-05,0.00222449,1.28E-05,2.69E-10,0.000198671,88.42612211,11.57367922,1.200925636,4.344717533,0.991760888,0.00056866,8.19E-09,90.19699236,0.168556935,3.096477983
241,1247.808021,8.056034745,2200,8.79E-09,1.14E-06,3.90E-05,0.00222463,1.27E-05,2.72E-10,0.000200033,88.53925303,11.46054694,1.207718435,4.345106653,0.986359396,0.000562432,8.06E-09,90.21073208,0.169520983,3.080000016
